epoch,step,train_loss,val_accuracy,val_loss,val_macro_f1
0,703,,0.8770492076873779,0.767953097820282,0.8748421669006348
0,703,0.9034448266029358,,,
1,1407,,0.9152339100837708,0.6732932925224304,0.9159334301948547
1,1407,0.705716609954834,,,
2,2111,,0.941023588180542,0.6280636787414551,0.9411150813102722
2,2111,0.6518408060073853,,,
3,2815,,0.9400240182876587,0.6317756175994873,0.9397827982902527
3,2815,0.61114102602005,,,
4,3519,,0.952019214630127,0.6008232235908508,0.9520111083984375
4,3519,0.5819323658943176,,,
5,4223,,0.9578168988227844,0.5948782563209534,0.9577339887619019
5,4223,0.5620559453964233,,,
